English,Korean,Japanese,Chinese,Spanish,German,French,Portuguese,Russian
Tap to start,탭하여 시작,タップして開始,点击开始,Toca para empezar,Tippen zum Starten,Tapez pour commencer,Toque para começar,"Нажмите, чтобы начать"
Combo,콤보,コンボ,连击,Combo,Kombo,Combo,Combo,Комбо
Item,아이템,アイテム,道具,Ítem,Gegenstand,Objet,Item,Предмет
Goal,목표,目標,目标,Meta,Ziel,Objectif,Objetivo,Цель
Limit,제한,制限,限制,Límite,Limitierung,Limite,Limite,Лимит
Score,점수,スコア,得分,Puntuación,Punktzahl,Score,Pontuação,Счёт
Item1,아이템1,アイテム1,道具1,Ítem1,Gegenstand1,Objet1,Item1,Предмет1
Item2,아이템2,アイテム2,道具2,Ítem2,Gegenstand2,Objet2,Item2,Предмет2
Item3,아이템3,アイテム3,道具3,Ítem3,Gegenstand3,Objet3,Item3,Предмет3
LIFE SHOP,라이프 상점,ライフショップ,生命商店,Tienda de vidas,Laden für Leben,Boutique de vies,Loja de vidas,Магазин жизней
LIFE x5,라이프 x5,ライフ×5,生命x5,Vida x5,Leben x5,Vie x5,Vida x5,Жизни x5
LIFE max,라이프 최대,ライフ最大,生命满值,Vida máxima,Leben max,Vie max,Vida máxima,Макс. жизни
LIFE INF,라이프 무한,ライフ無限,无限生命,Vida infinita,Unendliche Leben,Vie infinie,Vida infinita,Бесконечные жизни
GEM SHOP,젬 상점,ジェムショップ,宝石商店,Tienda de gemas,Edelsteinladen,Boutique de gemmes,Loja de gemas,Магазин самоцветов
ITEM SHOP,아이템 상점,アイテムショップ,道具商店,Tienda de ítems,Itemladen,Boutique d’objets,Loja de itens,Магазин предметов
Timer,타이머,タイマー,计时器,Temporizador,Timer,Minuteur,Cronômetro,Таймер
Missile,미사일,ミサイル,导弹,Misil,Rakete,Missile,Míssil,Ракета
Bomb,폭탄,ボム,炸弹,Bomba,Bombe,Bombe,Bomba,Бомба
Booster,부스터,ブースター,加速器,Impulsor,Booster,Booster,Booster,Ускоритель
Rainbow,레인보우,レインボー,彩虹,Arcoíris,Regenbogen,Arc-en-ciel,Arco-íris,Радуга
Meteor,메테오,メテオ,流星,Meteoro,Meteorit,Météore,Meteoro,Метеор
GOLD SHOP,골드 상점,ゴールドショップ,金币商店,Tienda de oro,Goldladen,Boutique d’or,Loja de ouro,Золотой магазин
Shop,상점,ショップ,商店,Tienda,Laden,Boutique,Loja,Магазин
Inventory,인벤토리,インベントリ,背包,Inventario,Inventar,Inventaire,Inventário,Инвентарь
Settings,설정,設定,设置,Ajustes,Einstellungen,Paramètres,Configurações,Настройки
Battle,배틀,バトル,战斗,Batalla,Kampf,Bataille,Batalha,Бой
Extends limits,제한 연장,制限延長,延长限制,Extender límites,Grenzen erweitern,Étendre les limites,Estender limites,Расширить лимиты
Break obstacles,장애물 제거,障害物破壊,破坏障碍物,Romper obstáculos,Hindernisse zerstören,Casser les obstacles,Quebrar obstáculos,Сломать преграды
Generate skill1 blocks,스킬1 블록 생성,スキル1ブロック生成,生成技能1方块,Generar bloques de habilidad1,Skill1-Blöcke erzeugen,Générer des blocs compétence1,Gerar blocos habilidade1,Создать блоки умения1
Keep combo,콤보 유지,コンボ維持,保持连击,Mantener combo,Kombos halten,Garder le combo,Manter combo,Сохранять комбо
Generate skill2 blocks,스킬2 블록 생성,スキル2ブロック生成,生成技能2方块,Generar bloques de habilidad2,Skill2-Blöcke erzeugen,Générer des blocs compétence2,Gerar blocos habilidade2,Создать блоки умения2
Meteor fall,메테오 낙하,メテオ落下,流星坠落,Caída de meteoros,Meteoritfall,Chute de météore,Queda de meteoro,Падение метеора
Unknown,알 수 없음,不明,未知,Desconocido,Unbekannt,Inconnu,Desconhecido,Неизвестно
Push Alarm,푸시 알림,プッシュ通知,推送通知,Notificación push,Push-Benachrichtigung,Notification push,Notificação push,Push-уведомление
Sound FX,효과음,効果音,音效,Efectos de sonido,Soundeffekte,Effets sonores,Efeitos sonoros,Звуковые эффекты
BGM,BGM,BGM,BGM,Música de fondo,Hintergrundmusik,Musique de fond,Música de fundo,Фоновая музыка
Terms,약관,利用規約,条款,Términos,Bedingungen,Conditions,Termos,Условия
Stats,통계,統計,统计,Estadísticas,Statistiken,Statistiques,Estatísticas,Статистика
Ranking,랭킹,ランキング,排行,Clasificación,Rangliste,Classement,Ranking,Рейтинг
Items,아이템,アイテム,道具,Ítems,Gegenstände,Objets,Itens,Предметы
Waitting,대기중,待機中,等待中,Esperando,Warten,En attente,Aguardando,Ожидание
Cancle,취소,キャンセル,取消,Cancelar,Abbrechen,Annuler,Cancelar,Отмена
Quick Start,빠른 시작,クイックスタート,快速开始,Inicio rápido,Schnellstart,Démarrage rapide,Início rápido,Быстрый старт
Friend,친구,友達,好友,Amigo,Freund,Ami,Amigo,Друг
Room ID\n{0},방 ID\n{0},ルームID\n{0},房间ID\n{0},ID de sala\n{0},Raum-ID\n{0},ID de salle\n{0},ID da sala\n{0},ID комнаты\n{0}
STAGE {0},스테이지 {0},ステージ {0},关卡 {0},Etapa {0},Stufe {0},Niveau {0},Fase {0},Этап {0}
Goal,목표,目標,目标,Meta,Ziel,Objectif,Objetivo,Цель
Score {0},점수 {0},スコア {0},得分 {0},Puntuación {0},Punktzahl {0},Score {0},Pontuação {0},Счёт {0}
Items,아이템,アイテム,道具,Ítems,Gegenstände,Objets,Itens,Предметы
Start,시작,スタート,开始,Comenzar,Start,Démarrer,Iniciar,Старт
STAGE {0} CLEAR!!,스테이지 {0} 클리어!!,ステージ {0} クリア!!,关卡 {0} 通关!!,¡Etapa {0} completada!,Stufe {0} geschafft!!,Niveau {0} terminé !!,Fase {0} concluída!!,Этап {0} пройден!!
REWARDS,보상,報酬,奖励,Recompensas,Belohnungen,Récompenses,Recompensas,Награды
BONUS,보너스,ボーナス,奖励 extra,Bonificación,Bonus,Bonus,Bônus,Бонус
Next,다음,次へ,下一步,Siguiente,Weiter,Suivant,Próximo,Далее
GAME OVER,게임 오버,ゲームオーバー,游戏结束,Fin del juego,Spiel vorbei,Fin du jeu,Fim de jogo,Игра окончена
Continue,계속하기,続ける,继续,Continuar,Weiterspielen,Continuer,Continuar,Продолжить
WIN,승리,勝利,胜利,Victoria,Sieg,Victoire,Vitória,Победа
LOSE,패배,敗北,失败,Derrota,Niederlage,Défaite,Derrota,Поражение
Next,다음,次へ,下一步,Siguiente,Weiter,Suivant,Próximo,Далее
Terms and Conditions,이용 약관,利用規約,条款和条件,Términos y condiciones,Allgemeine Geschäftsbedingungen,Termes et conditions,Termos e condições,Правила и условия
Agree,동의,同意,同意,Aceptar,Zustimmen,Accepter,Concordar,Согласиться
STAGE {0},스테이지 {0},ステージ {0},关卡 {0},Etapa {0},Stufe {0},Niveau {0},Fase {0},Этап {0}
Score {0},점수 {0},スコア {0},得分 {0},Puntuación {0},Punktzahl {0},Score {0},Pontuação {0},Счёт {0}
Searching\n{0},검색 중\n{0},検索中\n{0},搜索中\n{0},Buscando\n{0},Suche\n{0},Recherche\n{0},Pesquisando\n{0},Поиск\n{0}
Matching,매칭 중,マッチング中,匹配中,Emparejando,Matching,Correspondance,Emparelhando,Сопоставление
Check out your combo,콤보를 확인하세요,コンボを確認してください,查看你的连击,Revisa tu combo,Überprüfe deinen Combo,Vérifiez votre combo,Confira seu combo,Проверьте комбо
Attach and place\nmatchable block sets,연결 가능한 블록 세트를 부착하고 배치하세요,接続可能なブロックセットを配置してください,附加并放置可匹配的方块套装,Adjunta y coloca bloques combinables,Füge kombinierbare Blöcke hinzu,Attachez et placez les blocs combinables,Anexar e posicionar blocos combináveis,Прикрепите и разместите подходящие блоки
Click to use special block,특수 블록 사용하려면 클릭,特別ブロックを使用するにはクリック,点击使用特殊方块,Haz clic para usar bloque especial,"Klicke, um Spezialblock zu verwenden",Cliquez pour utiliser le bloc spécial,Clique para usar bloco especial,"Нажмите, чтобы использовать специальный блок"
START!!,시작!!,スタート!!,开始!!,¡Inicio!!,START!!,DÉMARRER!!,INICIAR!!,СТАРТ!!
MISSION COMPLETE!!,미션 완료!!,ミッションクリア!!,任务完成!!,¡Misión completada!!,MISSION ERFOLGREICH!!,MISSION TERMINÉE!!,MISSÃO CONCLUÍDA!!,МИССИЯ ВЫПОЛНЕНА!!
MOVE LIMITTED,이동 제한,移動制限,移动限制,Movimientos limitados,Bewegungslimit,Nombre de mouvements limité,Limite de movimentos,Ограничение ходов
TIMEOUT,시간 종료,タイムアウト,超时,Se acabó el tiempo,Zeitüberschreitung,Déconnexion pour dépassement de temps,Tempo esgotado,Время истекло
GAME OVER,게임 오버,ゲームオーバー,游戏结束,Fin del juego,Spiel vorbei,Fin du jeu,Fim de jogo,Игра окончена
WIN,승리,勝利,胜利,Victoria,Sieg,Victoire,Vitória,Победа
LOSE,패배,敗北,失败,Derrota,Niederlage,Défaite,Derrota,Поражение
Network Disconnected,네트워크 연결 끊김,ネットワーク切断,网络断开,Red desconectada,Netzwerk getrennt,Réseau déconnecté,Rede desconectada,Сеть отключена
Success,성공,成功,成功,Éxito,Erfolg,Succès,Sucesso,Успех
Not enough diamonds,다이아몬드 부족,ダイヤモンド不足,钻石不足,No hay suficientes diamantes,Nicht genug Diamanten,Pas assez de diamants,Diamantes insuficientes,Недостаточно алмазов
LIFE Max,라이프 최대,ライフ最大,生命值满,Vida máxima,Leben max,Vie max,Vida máxima,Макс. жизни
Already Infinite Mode,이미 무한 모드,すでに無限モード,已是无限模式,Ya en modo infinito,Bereits Unendlicher Modus,Déjà en mode infini,Já no modo infinito,Режим бесконечности уже активен
Lifes are rewarded,라이프가 지급되었습니다,ライフが付与されました,获得生命,Se otorgaron vidas,Leben erhalten,Vies attribuées,Vidas concedidas,Жизни начислены
Not enough golds,골드 부족,ゴールド不足,金币不足,Oro insuficiente,Nicht genug Gold,Or insuffisant,Ouro insuficiente,Недостаточно золота
Write the numbers,숫자를 입력하세요,数字を入力してください,输入数字,Escribe los números,Zahlen eingeben,Écrivez les chiffres,Digite os números,Введите числа
Connection Failed,연결 실패,接続失敗,连接失败,Fallo de conexión,Verbindung fehlgeschlagen,Échec de la connexion,Falha na conexão,Ошибка соединения
Server Disconnected,서버 연결 끊김,サーバー切断,服务器断开,Servidor desconectado,Server getrennt,Serveur déconnecté,Servidor desconectado,Сервер отключен
No Stage Info,스테이지 정보 없음,ステージ情報なし,没有关卡信息,Sin información de etapa,Keine Stufeninformationen,Pas d’information sur le niveau,Sem informações da fase,Нет информации о стадии
Do you want to finish?,종료하시겠습니까？,終了しますか？,是否要结束？,¿Deseas terminar?,Möchten Sie beenden?,Voulez-vous terminer ?,Deseja finalizar?,Вы хотите завершить?
Rewarded first\nAd will be paid later,선보상 후 광고,先に報酬、後で広告,先奖励，后观看广告,Recompensa primero\nel anuncio se pagará después,Belohnung zuerst\nAnzeige wird später bezahlt,Récompense d'abord\nPub plus tard,Primeiro recompensa\nAnúncio depois,Сначала награда\nРеклама позже
Network NotReachable,네트워크 연결 불가,ネットワークに接続できません,网络无法访问,Red no disponible,Netzwerk nicht erreichbar,Réseau inaccessible,Rede não disponível,Сеть недоступна
Failed,실패,失敗,失败,Fallido,Fehlgeschlagen,Échec,Falhou,Не удалось
{0} diamonds will be consumed,다이아몬드 {0}개가 소모됩니다,ダイヤモンド{0}個が消費されます,将消耗{0}颗钻石,Se consumirán {0} diamantes,{0} Diamanten werden verbraucht,{0} diamants seront consommés,Serão consumidos {0} diamantes,Будет потрачено {0} алмазов
Ad Not Ready,광고 준비 중,広告準備中,广告未准备好,Anuncio no listo,Anzeige nicht bereit,Publicité pas prête,Anúncio não pronto,Реклама не готова
Do you want to quit stage?,스테이지를 포기하시겠습니까？,ステージをやめますか？,是否要退出关卡？,¿Deseas abandonar la etapa?,Möchten Sie die Stufe verlassen?,Voulez-vous quitter le niveau ?,Deseja sair da fase?,Вы хотите покинуть этап?
No Life,라이프 없음,ライフなし,没有生命,Sin vidas,Keine Leben,Pas de vies,Sem vidas,Нет жизней
Exit Game,게임 종료,ゲーム終了,退出游戏,Salir del juego,Spiel beenden,Quitter le jeu,Sair do jogo,Выйти из игры
You need to clear {0} Stages,스테이지 {0}개를 클리어해야 합니다,ステージ{0}をクリアする必要があります,需要通关{0}关卡,Debes completar {0} etapas,Du musst {0} Stufen abschließen,Vous devez terminer {0} niveaux,Você precisa completar {0} fases,Необходимо пройти {0} этапов
You have unpaid ads left over,미지급 광고가 남아 있습니다,未払い広告が残っています,你有未完成的广告,Quedan anuncios no pagados,Unbezahlte Anzeigen verbleiben,Il reste des publicités non payées,Ainda há anúncios não pagos,Остались неоплаченные объявления
All Ads have been paid for,모든 광고가 지급되었습니다,すべての広告が支払われました,所有广告已支付,Todos los anuncios han sido pagados,Alle Anzeigen wurden bezahlt,Toutes les publicités ont été payées,Todos os anúncios foram pagos,Все объявления оплачены
Write Room ID,방 ID 입력,ルームIDを入力,输入房间ID,Escribe el ID de la sala,Geben Sie die Raum-ID ein,Entrez l’ID de la salle,Digite o ID da sala,Введите ID комнаты
Edit Username,닉네임 수정,ユーザー名編集,编辑用户名,Editar nombre de usuario,Benutzername bearbeiten,Modifier le nom d’utilisateur,Editar nome de usuário,Изменить имя пользователя
Connecting Server,서버에 연결 중,サーバーに接続中,连接服务器中,Conectando al servidor,Verbinde mit Server,Connexion au serveur,Conectando ao servidor,Подключение к серверу